r_table_station_name,routes,ridership_2013,ridership_2018,s_table_station_name,complex_id,borough,station_geom
1 Av,L,23467,20998,1 Av,119,Manhattan,POINT(-73.981628 40.730953)
103 St,1,13500,12569,103 St,309,Manhattan,POINT(-73.968379 40.799446)
103 St,6,16189,13285,103 St,395,Manhattan,POINT(-73.947478 40.7906)
103 St,"B,C",4760,5444,103 St,156,Manhattan,POINT(-73.961454 40.796092)
103 St - Corona Plaza,7,19216,19682,103 St - Corona Plaza,450,Queens,POINT(-73.8627 40.749865)
104 St,A,1736,1841,104 St,193,Queens,POINT(-73.837683 40.681711)
104 St,"J,Z",2575,1587,104 St,82,Queens,POINT(-73.84433 40.695178)
110 St,6,12162,10851,110 St,394,Manhattan,POINT(-73.94425 40.79502)
111 St,7,10914,11091,111 St,449,Queens,POINT(-73.855334 40.75173)
111 St,A,2718,2596,111 St,194,Queens,POINT(-73.832163 40.684331)
111 St,J,2605,2819,111 St,81,Queens,POINT(-73.836345 40.697418)
116 St,6,16675,14715,116 St,393,Manhattan,POINT(-73.941617 40.798629)
116 St,"2,3",11508,10707,116 St,440,Manhattan,POINT(-73.949625 40.802098)
116 St,"B,C",6594,7613,116 St,154,Manhattan,POINT(-73.954882 40.805085)
116 St - Columbia University,1,16363,15079,116 St - Columbia University,307,Manhattan,POINT(-73.96411 40.807722)
121 St,"J,Z",2222,1354,121 St,80,Queens,POINT(-73.828294 40.700492)
125 St,1,7995,7679,125 St,306,Manhattan,POINT(-73.958372 40.815581)
125 St,"2,3",15351,14746,125 St,439,Manhattan,POINT(-73.945495 40.807754)
125 St,"4,5,6",29425,27605,125 St,392,Manhattan,POINT(-73.937594 40.804138)
125 St,"A,B,C,D",27395,27677,125 St,153,Manhattan,POINT(-73.952343 40.811109)
135 St,"2,3",14690,14343,135 St,438,Manhattan,POINT(-73.94077 40.814229)
135 St,"B,C",5592,5490,135 St,152,Manhattan,POINT(-73.947649 40.817894)
137 St - City College,1,14947,13371,137 St - City College,305,Manhattan,POINT(-73.953676 40.822008)
138 St - Grand Concourse,"4,5",3222,3166,138 St - Grand Concourse,391,Bronx,POINT(-73.929849 40.813224)
145 St,1,9931,9433,145 St,304,Manhattan,POINT(-73.95036 40.826551)
145 St,3,3426,2105,145 St,437,Manhattan,POINT(-73.936245 40.820421)
15 St - Prospect Park,"F,G",6448,6136,15 St - Prospect Park,241,Brooklyn,POINT(-73.979493 40.660365)
155 St,C,2529,3168,155 St,150,Manhattan,POINT(-73.941514 40.830518)
155 St,"B,D",3948,3595,155 St,220,Manhattan,POINT(-73.938209 40.830135)
157 St,1,10677,11036,157 St,303,Manhattan,POINT(-73.94489 40.834041)
163 St - Amsterdam Av,C,4080,1711,163 St - Amsterdam Av,149,Manhattan,POINT(-73.939892 40.836013)
167 St,4,9904,9398,167 St,388,Bronx,POINT(-73.9214 40.835537)
167 St,"B,D",9374,6342,167 St,218,Bronx,POINT(-73.91844 40.833771)
169 St,F,9042,8109,169 St,255,Queens,POINT(-73.793604 40.71047)
170 St,4,9525,8140,170 St,387,Bronx,POINT(-73.917791 40.840075)
170 St,"B,D",6563,7913,170 St,217,Bronx,POINT(-73.9134 40.839306)
174 St,"2,5",7339,6751,174 St,428,Bronx,POINT(-73.887734 40.837288)
174-175 Sts,"B,D",4885,3221,174-175 Sts,216,Bronx,POINT(-73.910136 40.8459)
175 St,A,13309,12580,175 St,147,Manhattan,POINT(-73.939704 40.847391)
176 St,4,5905,5807,176 St,385,Bronx,POINT(-73.911794 40.84848)
18 Av,D,6162,6136,18 Av,66,Brooklyn,POINT(-74.001736 40.607954)
18 Av,F,4204,3947,18 Av,245,Brooklyn,POINT(-73.976971 40.629755)
18 Av,N,5092,3097,18 Av,74,Brooklyn,POINT(-73.990414 40.620671)
18 St,1,8505,8860,18 St,321,Manhattan,POINT(-73.997871 40.74104)
181 St,1,11228,11342,181 St,301,Manhattan,POINT(-73.933596 40.849505)
181 St,A,10404,10760,181 St,146,Manhattan,POINT(-73.937969 40.851695)
182-183 Sts,"B,D",4554,4752,182-183 Sts,214,Bronx,POINT(-73.900741 40.856093)
183 St,4,6360,5754,183 St,383,Bronx,POINT(-73.903879 40.858407)
190 St,A,4546,4574,190 St,145,Manhattan,POINT(-73.93418 40.859022)
191 St,1,8258,8032,191 St,300,Manhattan,POINT(-73.929412 40.855225)
2 Av,F,17801,15995,2 Av,232,Manhattan,POINT(-73.989938 40.723402)
20 Av,D,4859,4905,20 Av,67,Brooklyn,POINT(-73.998168 40.604556)
20 Av,N,4190,3514,20 Av,75,Brooklyn,POINT(-73.985026 40.61741)
207 St,1,6098,6349,207 St,298,Manhattan,POINT(-73.918822 40.864621)
21 St,G,1309,1757,21 St,282,Queens,POINT(-73.949724 40.744065)
21 St - Queensbridge,F,8761,10840,21 St - Queensbridge,221,Queens,POINT(-73.942836 40.754203)
215 St,1,2078,1787,215 St,297,Manhattan,POINT(-73.915279 40.869444)
219 St,"2,5",3483,3335,219 St,420,Bronx,POINT(-73.862633 40.883895)
225 St,"2,5",4479,3961,225 St,419,Bronx,POINT(-73.860341 40.888022)
23 St,"F,M",28749,18416,23 St,228,Manhattan,POINT(-73.992821 40.742878)
23 St,1,15283,15470,23 St,320,Manhattan,POINT(-73.995657 40.744081)
23 St,6,31777,31597,23 St,405,Manhattan,POINT(-73.986599 40.739864)
23 St,"C,E",24782,24397,23 St,165,Manhattan,POINT(-73.998041 40.745906)
23 St,"R,W",22760,26381,23 St,14,Manhattan,POINT(-73.989344 40.741303)
231 St,1,8951,10287,231 St,295,Bronx,POINT(-73.904834 40.878856)
233 St,"2,5",5473,4864,233 St,418,Bronx,POINT(-73.857473 40.893193)
238 St,1,3598,3225,238 St,294,Bronx,POINT(-73.90087 40.884667)
25 Av,D,4607,5083,25 Av,69,Brooklyn,POINT(-73.986829 40.597704)
25 St,R,3821,3755,25 St,31,Brooklyn,POINT(-73.998091 40.660397)
28 St,1,15149,14797,28 St,319,Manhattan,POINT(-73.993365 40.747215)
28 St,6,23696,12019,28 St,404,Manhattan,POINT(-73.984264 40.74307)
28 St,"R,W",11607,14302,28 St,13,Manhattan,POINT(-73.988691 40.745494)
3 Av,L,6803,6749,3 Av,118,Manhattan,POINT(-73.986122 40.732849)
3 Av - 138 St,6,7667,7801,3 Av - 138 St,377,Bronx,POINT(-73.926138 40.810476)
3 Av - 149 St,"2,5",24001,22357,3 Av - 149 St,434,Bronx,POINT(-73.917757 40.816109)
30 Av,"N,W",14802,8286,30 Av,3,Queens,POINT(-73.921479 40.766779)
33 St,6,32783,32608,33 St,403,Manhattan,POINT(-73.982076 40.746081)
33 St,7,14246,11029,33 St,460,Queens,POINT(-73.930997 40.744587)
34 St - Penn Station,"1,2,3",90042,85180,34 St - Penn Station,318,Manhattan,POINT(-73.991057 40.750373)
34 St - Penn Station,"A,C,E",83717,80346,34 St - Penn Station,164,Manhattan,POINT(-73.993391 40.752287)
36 Av,"N,W",7688,5073,36 Av,5,Queens,POINT(-73.929575 40.756804)
36 St,"D,N,R",12059,13493,36 St,32,Brooklyn,POINT(-74.003549 40.655144)
36 St,"M,R",4540,5177,36 St,272,Queens,POINT(-73.928781 40.752039)
39 Av,"N,W",3262,2356,39 Av,6,Queens,POINT(-73.932755 40.752882)
40 St,7,11100,9954,40 St,459,Queens,POINT(-73.924016 40.743781)
45 St,R,6978,7205,45 St,33,Brooklyn,POINT(-74.010006 40.648939)
46 St,7,14656,12828,46 St,458,Queens,POINT(-73.918435 40.743132)
46 St,"M,R",9529,8752,46 St,270,Queens,POINT(-73.913333 40.756312)
47-50 Sts - Rockefeller Ctr,"B,D,F,M",61099,61027,47-50 Sts - Rockefeller Ctr,225,Manhattan,POINT(-73.981329 40.758663)
49 St,"N,R,W",25356,25911,49 St,10,Manhattan,POINT(-73.984139 40.759901)
5 Av/53 St,"E,M",25939,27612,5 Av/53 St,276,Manhattan,POINT(-73.975224 40.760167)
5 Av/59 St,"N,W,R",18394,16638,5 Av/59 St,8,Manhattan,POINT(-73.973347 40.764811)
50 St,1,26192,26268,50 St,316,Manhattan,POINT(-73.983849 40.761728)
50 St,D,3308,3195,50 St,61,Brooklyn,POINT(-73.994791 40.63626)
50 St,"C,E",19406,19757,50 St,162,Manhattan,POINT(-73.985984 40.762456)
52 St,7,6830,6001,52 St,457,Queens,POINT(-73.912549 40.744149)
53 St,R,7479,7565,53 St,34,Brooklyn,POINT(-74.014034 40.645069)
55 St,D,1964,2185,55 St,62,Brooklyn,POINT(-73.995476 40.631435)
57 St,F,15363,7638,57 St,224,Manhattan,POINT(-73.97745 40.763972)
57 St - 7 Av,"N,Q,R,W",28159,37870,57 St - 7 Av,9,Manhattan,POINT(-73.980658 40.764664)
59 St,"N,R",12506,12301,59 St,35,Brooklyn,POINT(-74.017881 40.641362)
63 Dr - Rego Park,"M,R",16334,15574,63 Dr - Rego Park,263,Queens,POINT(-73.861604 40.729846)
65 St,"M,R",3532,3601,65 St,268,Queens,POINT(-73.898453 40.749669)
66 St - Lincoln Center,1,23651,22890,66 St - Lincoln Center,314,Manhattan,POINT(-73.982209 40.77344)
67 Av,"M,R",9475,8774,67 Av,262,Queens,POINT(-73.852719 40.726523)
68 St - Hunter College,6,36562,22757,68 St - Hunter College,399,Manhattan,POINT(-73.96387 40.768141)
69 St,7,5085,4679,69 St,455,Queens,POINT(-73.896403 40.746325)
7 Av,"B,D,E",15800,17947,7 Av,277,Manhattan,POINT(-73.981637 40.762862)
7 Av,"B,Q",9389,10210,7 Av,41,Brooklyn,POINT(-73.972367 40.67705)
7 Av,"F,G",12268,11636,7 Av,240,Brooklyn,POINT(-73.980305 40.666271)
71 St,D,4538,5607,71 St,64,Brooklyn,POINT(-73.998864 40.619589)
72 St,Q,,30253,72 St,477,Manhattan,POINT(-73.958424 40.768799)
72 St,"B,C",9067,4472,72 St,160,Manhattan,POINT(-73.97641 40.775594)
72 St,"1,2,3",40853,39477,72 St,313,Manhattan,POINT(-73.98197 40.778453)
75 Av,"E,F",3763,3455,75 Av,260,Queens,POINT(-73.837324 40.718331)
75 St,"J,Z",3759,3464,75 St,85,Queens,POINT(-73.867139 40.691324)
77 St,6,37182,25369,77 St,398,Manhattan,POINT(-73.959874 40.77362)
77 St,R,5353,5612,77 St,37,Brooklyn,POINT(-74.02551 40.629742)
79 St,1,16576,15175,79 St,312,Manhattan,POINT(-73.979917 40.783934)
79 St,D,6293,6177,79 St,65,Brooklyn,POINT(-74.00061 40.613501)
8 Av,N,10873,11474,8 Av,71,Brooklyn,POINT(-74.011719 40.635064)
8 St - NYU,"R,W",16597,17192,8 St - NYU,16,Manhattan,POINT(-73.992629 40.730328)
80 St,A,4291,4316,80 St,190,Queens,POINT(-73.858992 40.679371)
81 St - Museum of Natural History,"B,C",13663,15383,81 St - Museum of Natural History,159,Manhattan,POINT(-73.972143 40.781433)
82 St - Jackson Hts,7,15662,14626,82 St - Jackson Hts,453,Queens,POINT(-73.883697 40.747659)
85 St - Forest Pkwy,J,3792,3699,85 St - Forest Pkwy,84,Queens,POINT(-73.86001 40.692435)
86 St,1,19766,19325,86 St,311,Manhattan,POINT(-73.976218 40.788644)
86 St,N,2515,1928,86 St,79,Brooklyn,POINT(-73.97823 40.592721)
86 St,Q,,25455,86 St,476,Manhattan,POINT(-73.951787 40.777891)
86 St,R,11648,11338,86 St,38,Brooklyn,POINT(-74.028398 40.622687)
86 St,"B,C",11236,6007,86 St,158,Manhattan,POINT(-73.968916 40.785868)
86 St,"4,5,6",64741,43169,86 St,397,Manhattan,POINT(-73.955589 40.779492)
88 St,A,2719,2835,88 St,191,Queens,POINT(-73.85147 40.679843)
9 Av,D,5857,5344,9 Av,59,Brooklyn,POINT(-73.994324 40.646292)
90 St - Elmhurst Av,7,16743,16253,90 St - Elmhurst Av,452,Queens,POINT(-73.876613 40.748408)
96 St,6,26232,17447,96 St,396,Manhattan,POINT(-73.95107 40.785672)
96 St,Q,,19318,96 St,475,Manhattan,POINT(-73.947152 40.784318)
96 St,"B,C",9815,9924,96 St,157,Manhattan,POINT(-73.964696 40.791642)
96 St,"1,2,3",38711,36026,96 St,310,Manhattan,POINT(-73.972323 40.793919)
Allerton Av,"2,5",5526,5144,Allerton Av,423,Bronx,POINT(-73.867352 40.865462)
Aqueduct - N Conduit Av,A,1951,921,Aqueduct - N Conduit Av,197,Queens,POINT(-73.834058 40.668234)
Aqueduct Racetrack,A,551,1901,Aqueduct Racetrack,196,Queens,POINT(-73.835919 40.672097)
Astor Pl,6,17914,16031,Astor Pl,407,Manhattan,POINT(-73.99107 40.730054)
Astoria - Ditmars Blvd,"N,W",17039,15663,Astoria - Ditmars Blvd,1,Queens,POINT(-73.912034 40.775036)
Astoria Blvd,"N,W",12210,14425,Astoria Blvd,2,Queens,POINT(-73.917843 40.770258)
Atlantic Av,L,1580,1842,Atlantic Av,133,Brooklyn,POINT(-73.903097 40.675345)
Avenue I,F,2283,1096,Avenue I,246,Brooklyn,POINT(-73.976127 40.625322)
Avenue N,F,3411,2087,Avenue N,248,Brooklyn,POINT(-73.974197 40.61514)
Avenue P,F,2757,1710,Avenue P,249,Brooklyn,POINT(-73.973022 40.608944)
Avenue U,F,2296,1042,Avenue U,251,Brooklyn,POINT(-73.973357 40.596063)
Avenue U,N,3738,2627,Avenue U,78,Brooklyn,POINT(-73.979137 40.597473)
Avenue X,F,2972,2662,Avenue X,252,Brooklyn,POINT(-73.97425 40.58962)
Bay 50 St,D,2793,2674,Bay 50 St,70,Brooklyn,POINT(-73.983765 40.588841)
Bay Pkwy,D,7111,7719,Bay Pkwy,68,Brooklyn,POINT(-73.993728 40.601875)
Bay Pkwy,F,1575,623,Bay Pkwy,247,Brooklyn,POINT(-73.975264 40.620769)
Bay Pkwy,N,6990,7261,Bay Pkwy,76,Brooklyn,POINT(-73.981848 40.611815)
Bay Ridge - 95 St,R,5974,5812,Bay Ridge - 95 St,39,Brooklyn,POINT(-74.030876 40.616622)
Bay Ridge Av,R,8079,7236,Bay Ridge Av,36,Brooklyn,POINT(-74.023377 40.634967)
Baychester Av,5,4177,3551,Baychester Av,443,Bronx,POINT(-73.838591 40.878663)
Beach 105 St,"A,S",141,261,Beach 105 St,202,Queens,POINT(-73.827559 40.583209)
Beach 25 St,A,904,1792,Beach 25 St,208,Queens,POINT(-73.761353 40.600066)
Beach 36 St,A,466,887,Beach 36 St,207,Queens,POINT(-73.768175 40.595398)
Beach 44 St,A,297,693,Beach 44 St,206,Queens,POINT(-73.776013 40.592943)
Beach 60 St,A,1317,2013,Beach 60 St,205,Queens,POINT(-73.788522 40.592374)
Beach 67 St,A,1118,2103,Beach 67 St,204,Queens,POINT(-73.796924 40.590927)
Beach 90 St,"A,S",463,1097,Beach 90 St,200,Queens,POINT(-73.813641 40.588034)
Beach 98 St,"A,S",292,481,Beach 98 St,201,Queens,POINT(-73.820558 40.585307)
Bedford - Nostrand Avs,G,7300,8821,Bedford - Nostrand Avs,289,Brooklyn,POINT(-73.953522 40.689627)
Bedford Av,L,25755,26603,Bedford Av,120,Brooklyn,POINT(-73.956872 40.717304)
Bedford Park Blvd,"B,D",6303,6419,Bedford Park Blvd,211,Bronx,POINT(-73.887138 40.873244)
Bedford Park Blvd - Lehman College,4,6201,5170,Bedford Park Blvd - Lehman College,380,Bronx,POINT(-73.890064 40.873412)
Bergen St,"2,3",4070,3653,Bergen St,339,Brooklyn,POINT(-73.975098 40.680829)
Bergen St,"F,G",11562,11174,Bergen St,236,Brooklyn,POINT(-73.990862 40.686145)
Beverly Rd,"2,5",4375,4255,Beverly Rd,357,Brooklyn,POINT(-73.948959 40.645098)
Bowery,"J,Z",2743,3738,Bowery,103,Manhattan,POINT(-73.993915 40.72028)
Bowling Green,"4,5",30640,28646,Bowling Green,414,Manhattan,POINT(-74.014065 40.704817)
Briarwood - Van Wyck Blvd,"E,F",4664,4913,Briarwood - Van Wyck Blvd,258,Queens,POINT(-73.820574 40.709179)
Brighton Beach,"B,Q",12185,12065,Brighton Beach,55,Brooklyn,POINT(-73.961376 40.577621)
Broad Channel,"A,S",127,285,Broad Channel,199,Queens,POINT(-73.815925 40.608382)
Broad St,"J,Z",5635,7050,Broad St,107,Manhattan,POINT(-74.011056 40.706476)
Broadway,G,3368,4467,Broadway,286,Brooklyn,POINT(-73.950308 40.706092)
Broadway,"N,W",13280,8473,Broadway,4,Queens,POINT(-73.925508 40.76182)
Bronx Park East,"2,5",2959,2498,Bronx Park East,425,Bronx,POINT(-73.868457 40.848828)
Brook Av,6,6186,6040,Brook Av,376,Bronx,POINT(-73.91924 40.807566)
Buhre Av,6,3718,3744,Buhre Av,361,Bronx,POINT(-73.832569 40.84681)
Burke Av,"2,5",3612,3234,Burke Av,422,Bronx,POINT(-73.867164 40.871356)
Burnside Av,4,11560,10231,Burnside Av,384,Bronx,POINT(-73.907684 40.853453)
Bushwick Av - Aberdeen St,L,1509,2079,Bushwick Av - Aberdeen St,131,Brooklyn,POINT(-73.905249 40.682829)
Canal St,1,6039,6410,Canal St,325,Manhattan,POINT(-74.006277 40.722854)
Canal St,"A,C,E",19738,20424,Canal St,169,Manhattan,POINT(-74.005229 40.720824)
Canarsie - Rockaway Pkwy,L,13254,11947,Canarsie - Rockaway Pkwy,138,Brooklyn,POINT(-73.90185 40.646654)
Carroll St,"F,G",12339,11562,Carroll St,237,Brooklyn,POINT(-73.995048 40.680303)
Castle Hill Av,6,5632,6483,Castle Hill Av,365,Bronx,POINT(-73.851222 40.834255)
Cathedral Pkwy,1,13874,12526,Cathedral Pkwy,308,Manhattan,POINT(-73.966847 40.803967)
Cathedral Pkwy (110 St),"B,C",7117,3785,Cathedral Pkwy (110 St),155,Manhattan,POINT(-73.958161 40.800603)
Central Av,M,1744,2393,Central Av,114,Brooklyn,POINT(-73.927397 40.697857)
Central Park North (110 St),"2,3",9130,8815,Central Park North (110 St),441,Manhattan,POINT(-73.951822 40.799075)
Chambers St,"1,2,3",23147,21303,Chambers St,327,Manhattan,POINT(-74.009266 40.715478)
Chauncey St,"J,Z",2967,3387,Chauncey St,93,Brooklyn,POINT(-73.910456 40.682893)
Christopher St - Sheridan Sq,1,10076,9675,Christopher St - Sheridan Sq,323,Manhattan,POINT(-74.002906 40.733422)
Church Av,"2,5",9794,9193,Church Av,356,Brooklyn,POINT(-73.949575 40.650843)
Church Av,"B,Q",17638,16528,Church Av,44,Brooklyn,POINT(-73.962982 40.650527)
City Hall,"R,W",5666,6657,City Hall,20,Manhattan,POINT(-74.006978 40.713282)
Clark St,"2,3",5971,5275,Clark St,334,Brooklyn,POINT(-73.993086 40.697466)
Classon Av,G,4490,5301,Classon Av,290,Brooklyn,POINT(-73.96007 40.688873)
Cleveland St,J,3328,2975,Cleveland St,89,Brooklyn,POINT(-73.884639 40.679947)
Clinton - Washington Avs,C,6642,7068,Clinton - Washington Avs,177,Brooklyn,POINT(-73.965838 40.683263)
Clinton - Washington Avs,G,5294,5025,Clinton - Washington Avs,291,Brooklyn,POINT(-73.966839 40.688089)
Coney Island - Stillwell Av,"D,F,N,Q",13177,13203,Coney Island - Stillwell Av,58,Brooklyn,POINT(-73.981233 40.577422)
Crescent St,"J,Z",4683,4539,Crescent St,87,Brooklyn,POINT(-73.873785 40.683194)
Crown Hts - Utica Av,"3,4",27780,25336,Crown Hts - Utica Av,345,Brooklyn,POINT(-73.932942 40.668897)
Cypress Av,6,3842,3651,Cypress Av,375,Bronx,POINT(-73.914042 40.805368)
Cypress Hills,J,1431,1457,Cypress Hills,86,Brooklyn,POINT(-73.87255 40.689941)
DeKalb Av,"B,Q,R",17318,22069,DeKalb Av,26,Brooklyn,POINT(-73.981824 40.690635)
DeKalb Av,L,11617,12638,DeKalb Av,127,Brooklyn,POINT(-73.918425 40.703811)
Ditmas Av,F,4676,3904,Ditmas Av,244,Brooklyn,POINT(-73.978172 40.636119)
Dyckman St,1,6564,7002,Dyckman St,299,Manhattan,POINT(-73.925536 40.860531)
Dyckman St,A,6557,6477,Dyckman St,144,Manhattan,POINT(-73.927271 40.865491)
E 105 St,L,3818,3798,E 105 St,137,Brooklyn,POINT(-73.899485 40.650573)
E 143 St - St Mary's St,6,911,1019,E 143 St - St Mary's St,374,Bronx,POINT(-73.907657 40.808719)
E 149 St,6,4580,4842,E 149 St,373,Bronx,POINT(-73.904098 40.812118)
E 180 St,"2,5",7003,7175,E 180 St,426,Bronx,POINT(-73.873488 40.841894)
East Broadway,F,13276,13868,East Broadway,234,Manhattan,POINT(-73.990173 40.713715)
Eastchester - Dyre Av,5,4948,4506,Eastchester - Dyre Av,442,Bronx,POINT(-73.830834 40.8883)
Eastern Pkwy - Brooklyn Museum,"2,3",4938,4637,Eastern Pkwy - Brooklyn Museum,341,Brooklyn,POINT(-73.964375 40.671987)
Elder Av,6,6377,6323,Elder Av,369,Bronx,POINT(-73.879159 40.828584)
Elmhurst Av,"M,R",13597,12463,Elmhurst Av,266,Queens,POINT(-73.882017 40.742454)
Euclid Av,"A,C",10418,10191,Euclid Av,188,Brooklyn,POINT(-73.872106 40.675377)
Far Rockaway - Mott Av,A,2651,4435,Far Rockaway - Mott Av,209,Queens,POINT(-73.755405 40.603995)
Flatbush Av - Brooklyn College,"2,5",21941,19763,Flatbush Av - Brooklyn College,359,Brooklyn,POINT(-73.947642 40.632836)
Flushing - Main St,7,60190,55669,Flushing - Main St,447,Queens,POINT(-73.83003 40.7596)
Flushing Av,G,2373,2949,Flushing Av,287,Brooklyn,POINT(-73.950234 40.700377)
Flushing Av,"J,M",9165,8336,Flushing Av,98,Brooklyn,POINT(-73.941126 40.70026)
Fordham Rd,4,12558,10395,Fordham Rd,382,Bronx,POINT(-73.901034 40.862803)
Fordham Rd,"B,D",11878,11361,Fordham Rd,213,Bronx,POINT(-73.897749 40.861296)
Forest Av,M,4103,3124,Forest Av,110,Queens,POINT(-73.903077 40.704423)
Forest Hills - 71 Av,"E,F,M,R",27728,26613,Forest Hills - 71 Av,261,Queens,POINT(-73.844521 40.721691)
Fort Hamilton Pkwy,D,3984,3936,Fort Hamilton Pkwy,60,Brooklyn,POINT(-73.994304 40.640914)
Fort Hamilton Pkwy,N,7034,3232,Fort Hamilton Pkwy,72,Brooklyn,POINT(-74.005351 40.631386)
Fort Hamilton Pkwy,"F,G",5531,5807,Fort Hamilton Pkwy,242,Brooklyn,POINT(-73.975776 40.650782)
Franklin St,1,5825,5943,Franklin St,326,Manhattan,POINT(-74.006886 40.719318)
Freeman St,"2,5",4762,4451,Freeman St,429,Bronx,POINT(-73.891865 40.829993)
Fresh Pond Rd,M,5333,4716,Fresh Pond Rd,109,Queens,POINT(-73.895877 40.706186)
Fulton St,G,4266,5462,Fulton St,292,Brooklyn,POINT(-73.975375 40.687119)
Gates Av,"J,Z",5999,7255,Gates Av,95,Brooklyn,POINT(-73.92227 40.68963)
Graham Av,L,10136,9959,Graham Av,122,Brooklyn,POINT(-73.944053 40.714565)
Grand Army Plaza,"2,3",8066,7188,Grand Army Plaza,340,Brooklyn,POINT(-73.971046 40.675235)
Grand Av - Newtown,"M,R",18298,18489,Grand Av - Newtown,265,Queens,POINT(-73.877223 40.737015)
Grand St,L,7444,6964,Grand St,123,Brooklyn,POINT(-73.94067 40.711926)
Grand St,"B,D",23770,23422,Grand St,231,Manhattan,POINT(-73.993753 40.718267)
Grant Av,A,6270,5896,Grant Av,189,Brooklyn,POINT(-73.86505 40.677044)
Greenpoint Av,G,8461,9509,Greenpoint Av,283,Brooklyn,POINT(-73.954449 40.731352)
Gun Hill Rd,5,6002,5362,Gun Hill Rd,444,Bronx,POINT(-73.846384 40.869526)
Gun Hill Rd,"2,5",7339,6930,Gun Hill Rd,421,Bronx,POINT(-73.866256 40.87785)
Halsey St,J,5805,6579,Halsey St,94,Brooklyn,POINT(-73.916559 40.68637)
Halsey St,L,7308,8386,Halsey St,129,Queens,POINT(-73.904084 40.695602)
Harlem - 148 St,3,3790,4074,Harlem - 148 St,436,Manhattan,POINT(-73.93647 40.82388)
Hewes St,"J,M",2859,2782,Hewes St,100,Brooklyn,POINT(-73.953431 40.70687)
High St,"A,C",7543,10281,High St,173,Brooklyn,POINT(-73.990531 40.699337)
Houston St,1,15736,15698,Houston St,324,Manhattan,POINT(-74.005367 40.728251)
Howard Beach - JFK Airport,A,4972,3376,Howard Beach - JFK Airport,198,Queens,POINT(-73.830301 40.660476)
Hoyt - Schermerhorn Sts,"A,C,G",9604,10540,Hoyt - Schermerhorn Sts,175,Brooklyn,POINT(-73.985001 40.688484)
Hunters Point Av,7,6400,7205,Hunters Point Av,463,Queens,POINT(-73.948916 40.742216)
Hunts Point Av,6,10144,10460,Hunts Point Av,371,Bronx,POINT(-73.890549 40.820948)
Intervale Av,"2,5",3420,3130,Intervale Av,431,Bronx,POINT(-73.896736 40.822181)
Inwood - 207 St,A,8866,8793,Inwood - 207 St,143,Manhattan,POINT(-73.919899 40.868072)
Jackson Av,"2,5",5432,5288,Jackson Av,433,Bronx,POINT(-73.907807 40.81649)
Jamaica - 179 St,F,23280,21452,Jamaica - 179 St,254,Queens,POINT(-73.783817 40.712646)
Jamaica - Van Wyck,E,4992,4717,Jamaica - Van Wyck,280,Queens,POINT(-73.816859 40.702566)
Jamaica Center - Parsons/Archer,"E,J,Z",41686,36368,Jamaica Center - Parsons/Archer,278,Queens,POINT(-73.801109 40.702147)
Jefferson St,L,6612,7674,Jefferson St,126,Brooklyn,POINT(-73.922913 40.706607)
Junction Blvd,7,20818,21100,Junction Blvd,451,Queens,POINT(-73.869527 40.749145)
Junius St,3,2206,2080,Junius St,349,Brooklyn,POINT(-73.902447 40.663515)
Kew Gardens - Union Tpke,"E,F",28289,25536,Kew Gardens - Union Tpke,259,Queens,POINT(-73.831008 40.714441)
Kings Hwy,F,3655,4567,Kings Hwy,250,Brooklyn,POINT(-73.972361 40.603217)
Kings Hwy,N,5154,3328,Kings Hwy,77,Brooklyn,POINT(-73.980353 40.603923)
Kings Hwy,"B,Q",18799,19569,Kings Hwy,51,Brooklyn,POINT(-73.957734 40.60867)
Kingsbridge Rd,4,10431,8992,Kingsbridge Rd,381,Bronx,POINT(-73.897174 40.86776)
Kingsbridge Rd,"B,D",7422,7922,Kingsbridge Rd,212,Bronx,POINT(-73.893509 40.866978)
Kingston - Throop Avs,C,5678,6585,Kingston - Throop Avs,180,Brooklyn,POINT(-73.940858 40.679921)
Kingston Av,3,4949,4623,Kingston Av,344,Brooklyn,POINT(-73.942161 40.669399)
Knickerbocker Av,M,3429,2446,Knickerbocker Av,113,Brooklyn,POINT(-73.919711 40.698664)
Kosciuszko St,J,4751,6144,Kosciuszko St,96,Brooklyn,POINT(-73.928814 40.693342)
Lafayette Av,C,4825,4889,Lafayette Av,176,Brooklyn,POINT(-73.973946 40.686113)
Lexington Av/63 St,"F,Q",15404,21394,Lexington Av/63 St,223,Manhattan,POINT(-73.966113 40.764629)
Liberty Av,C,2658,2754,Liberty Av,185,Brooklyn,POINT(-73.896548 40.674542)
Livonia Av,L,2959,3209,Livonia Av,135,Brooklyn,POINT(-73.900571 40.664038)
Longwood Av,6,3494,3395,Longwood Av,372,Bronx,POINT(-73.896435 40.816104)
Lorimer St,"J,M",4796,4837,Lorimer St,99,Brooklyn,POINT(-73.947408 40.703869)
Marble Hill - 225 St,1,5456,5433,Marble Hill - 225 St,296,Manhattan,POINT(-73.909831 40.874561)
Marcy Av,"J,M,Z",11775,13315,Marcy Av,101,Brooklyn,POINT(-73.957757 40.708359)
Mets - Willets Point,7,4675,4606,Mets - Willets Point,448,Queens,POINT(-73.845625 40.754622)
Middle Village - Metropolitan Av,M,4092,3225,Middle Village - Metropolitan Av,108,Queens,POINT(-73.889601 40.711396)
Middletown Rd,6,1514,2036,Middletown Rd,362,Bronx,POINT(-73.836322 40.843863)
Montrose Av,L,6731,6884,Montrose Av,124,Brooklyn,POINT(-73.93985 40.707739)
Morgan Av,L,7126,7510,Morgan Av,125,Brooklyn,POINT(-73.933147 40.706152)
Morris Park,5,2210,2417,Morris Park,446,Bronx,POINT(-73.860495 40.854364)
Morrison Av- Sound View,6,6588,6361,Morrison Av- Sound View,368,Bronx,POINT(-73.874516 40.829521)
Mosholu Pkwy,4,9588,8195,Mosholu Pkwy,379,Bronx,POINT(-73.884655 40.87975)
Mt Eden Av,4,5995,5337,Mt Eden Av,386,Bronx,POINT(-73.914685 40.844434)
Myrtle - Willoughby Avs,G,4916,5736,Myrtle - Willoughby Avs,288,Brooklyn,POINT(-73.949046 40.694568)
Myrtle Av,"J,M,Z",10876,12122,Myrtle Av,97,Brooklyn,POINT(-73.935657 40.697207)
Nassau Av,G,8435,9312,Nassau Av,284,Brooklyn,POINT(-73.951277 40.724635)
Neck Rd,"B,Q",3941,4405,Neck Rd,53,Brooklyn,POINT(-73.955161 40.595246)
Neptune Av,F,1749,1516,Neptune Av,253,Brooklyn,POINT(-73.974574 40.581011)
Nereid Av,"2,5",3878,3437,Nereid Av,417,Bronx,POINT(-73.854376 40.898379)
Nevins St,"2,3,4,5",11468,10426,Nevins St,337,Brooklyn,POINT(-73.980492 40.688246)
New Lots Av,3,6349,5573,New Lots Av,352,Brooklyn,POINT(-73.884079 40.666235)
New Lots Av,L,4785,4869,New Lots Av,136,Brooklyn,POINT(-73.899232 40.658733)
Newkirk Av,"2,5",7757,7312,Newkirk Av,358,Brooklyn,POINT(-73.948411 40.639967)
Newkirk Plaza,"B,Q",10788,10534,Newkirk Plaza,47,Brooklyn,POINT(-73.962793 40.635082)
Northern Blvd,"M,R",7235,6904,Northern Blvd,269,Queens,POINT(-73.906006 40.752885)
Norwood - 205 St,D,8043,8429,Norwood - 205 St,210,Bronx,POINT(-73.878855 40.874811)
Norwood Av,"J,Z",3492,3190,Norwood Av,88,Brooklyn,POINT(-73.880039 40.68141)
Nostrand Av,3,4151,3907,Nostrand Av,343,Brooklyn,POINT(-73.950466 40.669847)
Nostrand Av,"A,C",16843,17437,Nostrand Av,179,Brooklyn,POINT(-73.950426 40.680438)
Ocean Pkwy,Q,3141,3199,Ocean Pkwy,56,Brooklyn,POINT(-73.968501 40.576312)
Ozone Park - Lefferts Blvd,A,7476,7591,Ozone Park - Lefferts Blvd,195,Queens,POINT(-73.825798 40.685951)
Park Pl,S,2077,1725,Park Pl,141,Brooklyn,POINT(-73.957624 40.674772)
Parkchester,6,16614,15660,Parkchester,366,Bronx,POINT(-73.860816 40.833226)
Parkside Av,"B,Q",4240,6050,Parkside Av,43,Brooklyn,POINT(-73.961495 40.655292)
Parsons Blvd,F,6463,6462,Parsons Blvd,256,Queens,POINT(-73.803326 40.707564)
Pelham Bay Park,6,6772,7001,Pelham Bay Park,360,Bronx,POINT(-73.828121 40.852462)
Pelham Pkwy,5,3254,3083,Pelham Pkwy,445,Bronx,POINT(-73.855359 40.858985)
Pelham Pkwy,"2,5",9614,8472,Pelham Pkwy,424,Bronx,POINT(-73.867615 40.857192)
Pennsylvania Av,3,5675,4331,Pennsylvania Av,350,Brooklyn,POINT(-73.894895 40.664635)
President St,"2,5",3969,4019,President St,353,Brooklyn,POINT(-73.950683 40.667883)
Prince St,"R,W",15261,14408,Prince St,17,Manhattan,POINT(-73.997702 40.724329)
Prospect Av,R,5934,5523,Prospect Av,30,Brooklyn,POINT(-73.992872 40.665414)
Prospect Av,"2,5",7424,7038,Prospect Av,432,Bronx,POINT(-73.90177 40.819585)
Prospect Park,"B,Q",9761,10059,Prospect Park,42,Brooklyn,POINT(-73.962246 40.661614)
Queens Plaza,"E,M,R",9696,12747,Queens Plaza,273,Queens,POINT(-73.937243 40.748973)
Ralph Av,C,5381,5768,Ralph Av,182,Brooklyn,POINT(-73.920786 40.678822)
Rector St,1,11323,9005,Rector St,329,Manhattan,POINT(-74.013783 40.707513)
Rector St,"R,W",5362,7185,Rector St,22,Manhattan,POINT(-74.013342 40.70722)
Rockaway Av,3,5632,4747,Rockaway Av,348,Brooklyn,POINT(-73.908946 40.662549)
Rockaway Av,C,5137,5667,Rockaway Av,183,Brooklyn,POINT(-73.911946 40.67834)
Rockaway Blvd,A,8662,7534,Rockaway Blvd,192,Queens,POINT(-73.843853 40.680429)
Rockaway Park - Beach 116 St,"A,S",379,696,Rockaway Park - Beach 116 St,203,Queens,POINT(-73.835592 40.580903)
Roosevelt Island,F,6321,7153,Roosevelt Island,222,Manhattan,POINT(-73.95326 40.759145)
Saratoga Av,3,5807,5246,Saratoga Av,347,Brooklyn,POINT(-73.916327 40.661453)
Seneca Av,M,2428,1818,Seneca Av,111,Queens,POINT(-73.90774 40.702762)
Sheepshead Bay,"B,Q",14010,13946,Sheepshead Bay,54,Brooklyn,POINT(-73.954155 40.586896)
Shepherd Av,C,3149,3182,Shepherd Av,187,Brooklyn,POINT(-73.88075 40.67413)
Simpson St,"2,5",9672,8477,Simpson St,430,Bronx,POINT(-73.893064 40.824073)
Smith - 9 Sts,"F,G",2854,4689,Smith - 9 Sts,238,Brooklyn,POINT(-73.995959 40.67358)
Spring St,6,12257,10822,Spring St,409,Manhattan,POINT(-73.997141 40.722301)
Spring St,"C,E",13136,13054,Spring St,168,Manhattan,POINT(-74.003739 40.726227)
St Lawrence Av,6,3995,4040,St Lawrence Av,367,Bronx,POINT(-73.867618 40.831509)
Steinway St,"M,R",14769,15590,Steinway St,271,Queens,POINT(-73.92074 40.756879)
Sterling St,"2,5",5915,5684,Sterling St,354,Brooklyn,POINT(-73.95085 40.662742)
Sutphin Blvd,F,4932,4291,Sutphin Blvd,257,Queens,POINT(-73.810708 40.70546)
Sutphin Blvd - Archer Av - JFK Airport,"E,J,Z",23012,23388,Sutphin Blvd - Archer Av - JFK Airport,279,Queens,POINT(-73.807969 40.700486)
Sutter Av,L,4555,4029,Sutter Av,134,Brooklyn,POINT(-73.901975 40.669367)
Sutter Av - Rutland Rd,3,7831,6657,Sutter Av - Rutland Rd,346,Brooklyn,POINT(-73.92261 40.664717)
Tremont Av,"B,D",9157,10398,Tremont Av,215,Bronx,POINT(-73.905227 40.85041)
Union St,R,6528,6835,Union St,28,Brooklyn,POINT(-73.98311 40.677316)
Utica Av,"A,C",14673,16121,Utica Av,181,Brooklyn,POINT(-73.930729 40.679364)
Van Cortlandt Park - 242 St,1,6943,7742,Van Cortlandt Park - 242 St,293,Bronx,POINT(-73.898583 40.889248)
Van Siclen Av,3,3431,2904,Van Siclen Av,351,Brooklyn,POINT(-73.889395 40.665449)
Van Siclen Av,C,2974,3021,Van Siclen Av,186,Brooklyn,POINT(-73.890358 40.67271)
Van Siclen Av,"J,Z",2883,2678,Van Siclen Av,90,Brooklyn,POINT(-73.891688 40.678024)
Vernon Blvd - Jackson Av,7,12610,15093,Vernon Blvd - Jackson Av,464,Queens,POINT(-73.953581 40.742626)
W 8 St - NY Aquarium,"F,Q",2069,2469,W 8 St - NY Aquarium,57,Brooklyn,POINT(-73.975939 40.576127)
WTC Cortlandt,1,0,3558,WTC Cortlandt,328,Manhattan,POINT(-74.012188 40.711835)
Wakefield - 241 St,2,4825,4763,Wakefield - 241 St,416,Bronx,POINT(-73.85062 40.903125)
Wall St,"2,3",26706,23968,Wall St,333,Manhattan,POINT(-74.0091 40.706821)
Wall St,"4,5",25078,19745,Wall St,413,Manhattan,POINT(-74.011862 40.707557)
West Farms Sq - E Tremont Av,"2,5",7979,6866,West Farms Sq - E Tremont Av,427,Bronx,POINT(-73.880049 40.840295)
Westchester Sq - E Tremont Av,6,6820,6097,Westchester Sq - E Tremont Av,363,Bronx,POINT(-73.842952 40.839892)
Whitlock Av,6,1685,1894,Whitlock Av,370,Bronx,POINT(-73.886283 40.826525)
Wilson Av,L,3865,4468,Wilson Av,130,Brooklyn,POINT(-73.904046 40.688764)
Winthrop St,"2,5",7639,7262,Winthrop St,355,Brooklyn,POINT(-73.9502 40.656652)
Woodhaven Blvd,"J,Z",4576,4771,Woodhaven Blvd,83,Queens,POINT(-73.851576 40.693879)
Woodhaven Blvd,"M,R",22276,20704,Woodhaven Blvd,264,Queens,POINT(-73.869229 40.733106)
Woodlawn,4,7776,6937,Woodlawn,378,Bronx,POINT(-73.878751 40.886037)
Woodside - 61 St,7,16559,16501,Woodside - 61 St,456,Queens,POINT(-73.902984 40.74563)
York St,F,8629,11032,York St,235,Brooklyn,POINT(-73.986751 40.701397)
Zerega Av,6,3253,2629,Zerega Av,364,Bronx,POINT(-73.847036 40.836488)